date,demam berdarah,gejala demam berdarah,dbd
2009-12-27,52,0,26
2010-01-03,65,0,24
2010-01-10,72,0,52
2010-01-17,83,0,47
2010-01-24,78,0,26
2010-01-31,99,0,22
2010-02-07,83,22,40
2010-02-14,75,0,45
2010-02-21,55,0,56
2010-02-28,78,22,36
2010-03-07,100,0,57
2010-03-14,90,0,50
2010-03-21,87,0,59
2010-03-28,86,0,40
2010-04-04,98,0,56
2010-04-11,91,18,39
2010-04-18,81,0,30
2010-04-25,83,0,38
2010-05-02,68,0,23
2010-05-09,62,0,39
2010-05-16,61,0,41
2010-05-23,45,0,44
2010-05-30,57,0,29
2010-06-06,49,0,19
2010-06-13,60,0,34
2010-06-20,44,0,24
2010-06-27,42,0,32
2010-07-04,45,0,25
2010-07-11,51,0,27
2010-07-18,76,0,24
2010-07-25,63,0,18
2010-08-01,47,0,41
2010-08-08,72,0,22
2010-08-15,67,0,34
2010-08-22,52,0,25
2010-08-29,59,0,32
2010-09-05,24,0,0
2010-09-12,57,0,26
2010-09-19,65,0,35
2010-09-26,70,0,35
2010-10-03,56,0,38
2010-10-10,56,0,35
2010-10-17,62,0,40
2010-10-24,59,0,28
2010-10-31,80,0,25
2010-11-07,58,0,37
2010-11-14,46,0,26
2010-11-21,43,0,24
2010-11-28,63,0,33
2010-12-05,52,0,32
2010-12-12,58,0,34
2010-12-19,36,0,24
2010-12-26,40,0,20
2011-01-02,49,6,26
2011-01-09,56,0,28
2011-01-16,54,7,34
2011-01-23,43,8,28
2011-01-30,37,0,29
2011-02-06,41,11,24
2011-02-13,37,0,18
2011-02-20,40,0,23
2011-02-27,43,0,28
2011-03-06,40,5,26
2011-03-13,33,6,32
2011-03-20,37,0,32
2011-03-27,38,0,29
2011-04-03,36,0,26
2011-04-10,34,8,25
2011-04-17,29,5,22
2011-04-24,32,0,25
2011-05-01,34,0,24
2011-05-08,34,5,23
2011-05-15,29,0,16
2011-05-22,37,0,21
2011-05-29,31,0,20
2011-06-05,34,0,23
2011-06-12,32,0,24
2011-06-19,32,0,21
2011-06-26,27,0,23
2011-07-03,25,0,18
2011-07-10,22,0,20
2011-07-17,28,0,18
2011-07-24,21,5,19
2011-07-31,20,0,16
2011-08-07,25,4,16
2011-08-14,28,0,15
2011-08-21,15,0,14
2011-08-28,19,7,19
2011-09-04,29,5,15
2011-09-11,34,0,20
2011-09-18,36,5,26
2011-09-25,39,0,20
2011-10-02,43,4,21
2011-10-09,44,5,29
2011-10-16,46,4,26
2011-10-23,44,4,26
2011-10-30,38,5,27
2011-11-06,40,5,28
2011-11-13,47,7,25
2011-11-20,46,7,25
2011-11-27,41,5,34
2011-12-04,46,6,31
2011-12-11,49,8,32
2011-12-18,44,9,25
2011-12-25,46,7,27
2012-01-01,44,8,31
2012-01-08,49,9,37
2012-01-15,59,11,39
2012-01-22,45,9,34
2012-01-29,58,10,38
2012-02-05,56,12,37
2012-02-12,44,8,34
2012-02-19,57,8,34
2012-02-26,50,8,31
2012-03-04,47,7,31
2012-03-11,44,9,28
2012-03-18,53,7,26
2012-03-25,48,10,31
2012-04-01,38,4,34
2012-04-08,46,8,33
2012-04-15,39,7,26
2012-04-22,36,5,29
2012-04-29,41,8,29
2012-05-06,40,7,31
2012-05-13,39,7,30
2012-05-20,41,7,30
2012-05-27,36,5,26
2012-06-03,40,5,29
2012-06-10,34,6,27
2012-06-17,31,5,25
2012-06-24,31,6,23
2012-07-01,26,0,21
2012-07-08,29,3,17
2012-07-15,32,5,18
2012-07-22,26,4,20
2012-07-29,30,5,17
2012-08-05,32,5,17
2012-08-12,24,0,11
2012-08-19,22,4,15
2012-08-26,30,0,16
2012-09-02,33,4,19
2012-09-09,35,4,21
2012-09-16,39,4,23
2012-09-23,40,0,29
2012-09-30,40,6,23
2012-10-07,37,3,28
2012-10-14,36,6,24
2012-10-21,32,5,22
2012-10-28,35,7,25
2012-11-04,33,4,28
2012-11-11,37,6,25
2012-11-18,42,5,30
2012-11-25,46,8,30
2012-12-02,46,6,33
2012-12-09,49,8,33
2012-12-16,47,8,33
2012-12-23,41,8,27
2012-12-30,46,8,29
2013-01-06,56,10,39
2013-01-13,63,11,40
2013-01-20,64,13,39
2013-01-27,63,9,35
2013-02-03,60,9,38
2013-02-10,58,11,31
2013-02-17,57,12,36
2013-02-24,57,13,35
2013-03-03,58,13,30
2013-03-10,57,11,35
2013-03-17,59,11,37
2013-03-24,52,12,35
2013-03-31,57,9,32
2013-04-07,47,8,32
2013-04-14,51,8,33
2013-04-21,45,8,28
2013-04-28,48,9,28
2013-05-05,50,10,31
2013-05-12,50,8,30
2013-05-19,45,7,32
2013-05-26,43,8,31
2013-06-02,43,7,29
2013-06-09,41,8,33
2013-06-16,38,7,26
2013-06-23,39,7,25
2013-06-30,37,6,25
2013-07-07,38,7,26
2013-07-14,37,8,23
2013-07-21,35,6,23
2013-07-28,31,8,18
2013-08-04,26,8,15
2013-08-11,32,8,19
2013-08-18,39,7,20
2013-08-25,41,7,21
2013-09-01,36,7,19
2013-09-08,38,7,25
2013-09-15,36,7,25
2013-09-22,37,6,28
2013-09-29,44,5,29
2013-10-06,36,5,27
2013-10-13,35,8,24
2013-10-20,36,6,24
2013-10-27,37,5,27
2013-11-03,38,7,27
2013-11-10,35,6,26
2013-11-17,43,7,28
2013-11-24,41,7,30
2013-12-01,41,5,30
2013-12-08,42,9,27
2013-12-15,37,7,28
2013-12-22,36,8,25
2013-12-29,35,9,27
2014-01-05,48,10,35
2014-01-12,46,11,33
2014-01-19,49,11,38
2014-01-26,48,10,33
2014-02-02,47,11,34
2014-02-09,43,9,33
2014-02-16,47,9,32
2014-02-23,46,9,32
2014-03-02,45,10,35
2014-03-09,44,8,34
2014-03-16,45,8,33
2014-03-23,45,9,34
2014-03-30,44,8,32
2014-04-06,40,9,35
2014-04-13,45,8,32
2014-04-20,45,9,36
2014-04-27,40,8,35
2014-05-04,44,10,37
2014-05-11,44,9,32
2014-05-18,42,9,35
2014-05-25,37,6,30
2014-06-01,43,9,36
2014-06-08,44,8,34
2014-06-15,32,7,31
2014-06-22,32,7,26
2014-06-29,33,8,28
2014-07-06,25,6,26
2014-07-13,30,5,26
2014-07-20,29,7,20
2014-07-27,25,5,19
2014-08-03,33,8,25
2014-08-10,35,8,32
2014-08-17,33,6,28
2014-08-24,31,6,27
2014-08-31,33,6,28
2014-09-07,34,7,29
2014-09-14,34,6,30
2014-09-21,37,9,29
2014-09-28,39,6,29
2014-10-05,34,7,29
2014-10-12,37,8,30
2014-10-19,38,7,31
2014-10-26,36,6,33
2014-11-02,39,6,35
2014-11-09,43,7,38
2014-11-16,43,8,35
2014-11-23,45,8,41
2014-11-30,39,7,41
2014-12-07,43,8,39
2014-12-14,41,8,40
2014-12-21,35,7,34
2014-12-28,37,9,28
2014-12-28,11,3,8
2015-01-04,14,3,12
2015-01-11,18,4,14
2015-01-18,21,4,18
2015-01-25,31,7,26
2015-02-01,33,7,31
2015-02-08,31,7,27
2015-02-15,24,6,18
2015-02-22,21,5,19
2015-03-01,21,4,16
2015-03-08,22,5,19
2015-03-15,19,4,16
2015-03-22,17,4,14
2015-03-29,16,4,13
2015-04-05,16,4,13
2015-04-12,15,4,12
2015-04-19,15,3,12
2015-04-26,16,3,12
2015-05-03,15,3,12
2015-05-10,14,3,12
2015-05-17,15,3,12
2015-05-24,14,3,13
2015-05-31,14,3,11
2015-06-07,12,2,11
2015-06-14,11,3,10
2015-06-21,11,3,10
2015-06-28,10,2,10
2015-07-05,11,2,8
2015-07-12,9,2,6
2015-07-19,9,2,6
2015-07-26,10,2,8
2015-08-02,9,2,7
2015-08-09,9,2,7
2015-08-16,10,2,8
2015-08-23,10,2,8
2015-08-30,10,2,9
2015-09-06,10,2,8
2015-09-13,10,2,8
2015-09-20,10,2,7
2015-09-27,10,2,9
2015-10-04,10,2,9
2015-10-11,9,2,8
2015-10-18,10,2,9
2015-10-25,9,1,9
2015-11-01,11,2,11
2015-11-08,10,2,9
2015-11-15,11,2,10
2015-11-22,11,2,11
2015-11-29,11,2,12
2015-12-06,11,2,11
2015-12-13,13,3,13
2015-12-20,13,3,12
2015-12-27,13,3,12
2016-01-03,16,3,17
2016-01-10,23,5,24
2016-01-17,24,5,26
2016-01-24,29,7,31
2016-01-31,36,9,47
2016-02-07,38,10,48
2016-02-14,37,10,44
2016-02-21,32,8,41
2016-02-28,30,8,36
2016-03-06,26,7,32
2016-03-13,27,7,31
2016-03-20,26,7,30
2016-03-27,25,7,30
2016-04-03,25,6,28
2016-04-10,26,5,28
2016-04-17,23,6,26
2016-04-24,20,4,24
2016-05-01,18,4,22
2016-05-08,18,4,22
2016-05-15,17,4,21
2016-05-22,16,3,19
2016-05-29,14,3,18
2016-06-05,14,3,17
2016-06-12,13,3,15
2016-06-19,11,3,13
2016-06-26,9,2,12
2016-07-03,10,3,11
2016-07-10,11,2,11
2016-07-17,12,3,12
2016-07-24,11,2,13
2016-07-31,11,2,12
2016-08-07,11,3,13
2016-08-14,11,2,12
2016-08-21,12,2,14
2016-08-28,11,2,13
2016-09-04,11,2,13
2016-09-11,11,3,13
2016-09-18,12,2,13
2016-09-25,11,2,12
2016-10-02,11,2,12
2016-10-09,11,2,14
2016-10-16,12,2,15
2016-10-23,11,2,14
2016-10-30,12,3,14
2016-11-06,12,2,14
2016-11-13,11,2,14
2016-11-20,12,2,15
2016-11-27,11,2,14
2016-12-04,11,2,14
2016-12-11,11,2,13
2016-12-18,11,3,13
2016-12-25,10,3,12
2017-01-01,11,2,12
2017-01-08,12,3,14
2017-01-15,13,3,14
2017-01-22,11,3,13
2017-01-29,11,2,13
2017-02-05,10,2,12
2017-02-12,10,2,10
2017-02-19,10,2,12
2017-02-26,9,2,11
2017-03-05,9,2,11
2017-03-12,10,2,12
2017-03-19,10,3,12
2017-03-26,8,1,10
2017-04-02,9,2,11
2017-04-09,7,2,10
2017-04-16,7,2,10
2017-04-23,8,2,9
2017-04-30,8,2,9
2017-05-07,7,1,9
2017-05-14,7,2,10
2017-05-21,7,1,9
2017-05-28,7,2,9
2017-06-04,6,1,8
2017-06-11,6,1,7
2017-06-18,5,2,6
2017-06-25,5,1,5
2017-07-02,6,1,7
2017-07-09,5,1,7
2017-07-16,6,1,7
2017-07-23,6,1,8
2017-07-30,6,1,7
2017-08-06,6,1,7
2017-08-13,6,1,7
2017-08-20,7,1,7
2017-08-27,6,1,7
2017-09-03,6,1,8
2017-09-10,7,1,8
2017-09-17,7,1,9
2017-09-24,7,1,9
2017-10-01,7,1,9
2017-10-08,9,1,10
2017-10-15,9,2,10
2017-10-22,9,2,11
2017-10-29,9,2,10
2017-11-05,9,2,10
2017-11-12,9,2,11
2017-11-19,9,2,10
2017-11-26,9,2,9
2017-12-03,10,2,11
2017-12-10,7,1,10
2017-12-17,7,2,10
2017-12-24,6,1,8
2017-12-31,7,2,8
2018-01-07,7,2,9
2018-01-14,8,1,9
2018-01-21,7,1,9
2018-01-28,7,1,8
2018-02-04,7,1,8
2018-02-11,7,1,8
2018-02-18,7,1,8
2018-02-25,7,1,9
2018-03-04,7,1,9
2018-03-11,7,1,9
2018-03-18,7,1,10
2018-03-25,7,1,9
2018-04-01,7,1,9
2018-04-08,7,1,10
2018-04-15,7,1,10
2018-04-22,7,1,10
2018-04-29,7,1,10
2018-05-06,7,1,9
2018-05-13,7,1,10
2018-05-20,7,1,10
2018-05-27,6,1,9
2018-06-03,6,1,9
2018-06-10,6,1,7
2018-06-17,5,1,7
2018-06-24,5,1,7
2018-07-01,5,1,8
2018-07-08,6,1,9
2018-07-15,6,1,9
2018-07-22,6,1,9
2018-07-29,7,1,8
2018-08-05,7,1,8
2018-08-12,7,1,8
2018-08-19,6,1,8
2018-08-26,6,1,9
2018-09-02,7,1,9
2018-09-09,7,1,9
2018-09-16,7,1,10
2018-09-23,7,1,9
2018-09-30,7,1,9
2018-10-07,8,1,11
2018-10-14,9,1,11
2018-10-21,8,1,11
2018-10-28,8,1,10
2018-11-04,9,1,11
2018-11-11,9,1,15
2018-11-18,10,2,14
2018-11-25,11,2,17
2018-12-02,12,2,17
2018-12-09,11,2,19
2018-12-16,12,2,18
2018-12-23,13,3,19
2018-12-30,15,3,23
2019-01-06,19,3,29
2019-01-13,24,4,37
2019-01-20,29,6,47
2019-01-27,42,8,88
2019-02-03,44,7,100
2019-02-10,37,6,84
2019-02-17,31,5,71
2019-02-24,26,4,56
2019-03-03,22,4,52
2019-03-10,20,3,50
2019-03-17,20,3,48
2019-03-24,18,2,42
2019-03-31,16,3,40
2019-04-07,15,3,36
2019-04-14,13,2,30
2019-04-21,14,2,29
2019-04-28,13,2,30
2019-05-05,12,2,29
2019-05-12,12,2,27
2019-05-19,11,2,24
2019-05-26,10,2,22
2019-06-02,10,1,24
2019-06-09,10,2,23
2019-06-16,9,1,23
2019-06-23,8,1,18
2019-06-30,6,1,17
2019-07-07,7,1,16
2019-07-14,6,1,16
2019-07-21,6,1,15
2019-07-28,7,1,12
2019-08-04,8,1,12
2019-08-11,7,1,13
2019-08-18,7,1,12
2019-08-25,7,1,12
2019-09-01,7,1,12
2019-09-08,7,1,12
2019-09-15,7,1,12
2019-09-22,6,1,11
2019-09-29,7,1,12
2019-10-06,7,1,13
2019-10-13,8,1,13
2019-10-20,8,1,13
2019-10-27,8,1,13
2019-11-03,8,1,14
2019-11-10,8,1,13
2019-11-17,10,1,14
2019-11-24,9,1,16
2019-12-01,10,1,17
2019-12-08,10,2,18
2019-12-15,9,2,18
2019-12-22,9,2,18
2019-12-29,10,2,20
2019-12-29,18,4,38
2020-01-05,25,5,45
2020-01-12,28,5,64
2020-01-19,29,5,60
2020-01-26,26,4,53
2020-02-02,26,4,53
2020-02-09,27,3,58
2020-02-16,27,4,55
2020-02-23,27,4,60
2020-03-01,28,4,61
2020-03-08,39,6,98
2020-03-15,45,8,91
2020-03-22,39,8,69
2020-03-29,33,5,61
2020-04-05,29,5,54
2020-04-12,28,4,49
2020-04-19,26,4,46
2020-04-26,26,4,48
2020-05-03,24,3,43
2020-05-10,26,4,40
2020-05-17,19,3,34
2020-05-24,17,3,35
2020-05-31,30,4,34
2020-06-07,30,4,31
2020-06-14,17,3,29
2020-06-21,14,2,33
2020-06-28,13,2,30
2020-07-05,13,2,27
2020-07-12,12,2,23
2020-07-19,10,1,21
2020-07-26,12,1,20
2020-08-02,18,2,20
2020-08-09,23,2,19
2020-08-16,12,1,17
2020-08-23,15,2,16
2020-08-30,13,2,16
2020-09-06,15,2,18
2020-09-13,15,2,18
2020-09-20,15,1,17
2020-09-27,15,1,16
2020-10-04,15,1,15
2020-10-11,15,2,15
2020-10-18,14,2,16
2020-10-25,13,1,16
2020-11-01,16,2,17
2020-11-08,18,2,20
2020-11-15,23,2,19
2020-11-22,25,2,21
2020-11-29,33,3,20
2020-12-06,29,3,20
2020-12-13,13,2,20
2020-12-20,12,2,21
2020-12-27,11,3,18
2021-01-03,13,2,20
2021-01-10,15,2,20
2021-01-17,14,2,21
2021-01-24,16,2,19
2021-01-31,15,2,19
2021-02-07,14,2,20
2021-02-14,15,2,20
2021-02-21,16,2,20
2021-02-28,18,2,20
2021-03-07,20,3,21
2021-03-14,20,2,21
2021-03-21,20,3,24
2021-03-28,20,3,24
2021-04-04,21,3,27
2021-04-11,15,2,25
2021-04-18,20,3,28
2021-04-25,20,3,25
2021-05-02,17,3,27
2021-05-09,13,2,27
2021-05-16,16,2,30
2021-05-23,22,3,35
2021-05-30,26,4,34
2021-06-06,37,5,36
2021-06-13,19,3,38
2021-06-20,15,4,39
2021-06-27,15,4,38
2021-07-04,16,3,36
2021-07-11,15,3,32
2021-07-18,13,2,30
2021-07-25,14,2,27
2021-08-01,17,2,22
2021-08-08,16,2,22
2021-08-15,14,1,22
2021-08-22,13,1,20
2021-08-29,12,2,21
2021-09-05,14,2,22
2021-09-12,13,1,19
2021-09-19,14,1,22
2021-09-26,13,1,21
2021-10-03,12,2,22
2021-10-10,15,2,23
2021-10-17,13,1,23
2021-10-24,13,1,25
2021-10-31,15,2,26
2021-11-07,18,2,27
2021-11-14,21,2,35
2021-11-21,23,3,39
2021-11-28,25,3,43
2021-12-05,24,3,50
2021-12-12,24,3,50
2021-12-19,20,4,51
2021-12-26,19,3,49
2022-01-02,27,5,60
2022-01-09,29,4,60
2022-01-16,29,4,58
2022-01-23,30,5,64
2022-01-30,30,5,68
2022-02-06,31,7,64
2022-02-13,30,6,55
2022-02-20,25,5,48
2022-02-27,22,4,44
2022-03-06,24,3,39
2022-03-13,22,3,37
2022-03-20,21,3,40
2022-03-27,19,2,38
2022-04-03,17,3,38
2022-04-10,19,3,41
2022-04-17,20,3,37
2022-04-24,16,3,40
2022-05-01,13,2,36
2022-05-08,20,3,43
2022-05-15,20,3,45
2022-05-22,20,3,41
2022-05-29,19,3,42
2022-06-05,22,3,48
2022-06-12,19,3,49
2022-06-19,17,3,47
2022-06-26,16,3,46
2022-07-03,16,3,47
2022-07-10,16,3,44
2022-07-17,18,3,47
2022-07-24,18,3,45
2022-07-31,22,3,48
2022-08-07,23,3,46
2022-08-14,20,3,45
2022-08-21,24,4,53
2022-08-28,23,4,50
2022-09-04,22,4,53
2022-09-11,22,5,49
2022-09-18,23,5,47
2022-09-25,22,4,48
2022-10-02,21,4,48
2022-10-09,23,4,47
2022-10-16,22,4,50
2022-10-23,23,4,49
2022-10-30,23,5,44
2022-11-06,22,4,41
2022-11-13,23,4,42
2022-11-20,22,4,37
2022-11-27,21,3,38
2022-12-04,20,3,40
2022-12-11,16,3,39
2022-12-18,15,3,39
2022-12-25,13,3,36
2023-01-01,16,3,37
2023-01-08,17,3,37
2023-01-15,16,3,40
2023-01-22,19,3,39
2023-01-29,17,3,37
2023-02-05,18,3,38
2023-02-12,16,2,35
2023-02-19,16,2,34
2023-02-26,17,3,34
2023-03-05,16,2,34
2023-03-12,17,2,35
2023-03-19,14,2,35
2023-03-26,15,2,35
2023-04-02,17,3,35
2023-04-09,16,3,31
2023-04-16,11,2,27
2023-04-23,12,2,30
2023-04-30,16,2,35
2023-05-07,16,3,34
2023-05-14,15,3,33
2023-05-21,17,3,36
2023-05-28,15,3,33
2023-06-04,17,3,33
2023-06-11,14,2,35
2023-06-18,13,2,33
2023-06-25,10,2,31
2023-07-02,12,2,31
2023-07-09,11,2,32
2023-07-16,10,2,29
2023-07-23,11,2,30
2023-07-30,11,1,31
2023-08-06,13,2,35
2023-08-13,12,2,34
2023-08-20,14,2,36
2023-08-27,15,2,36
2023-09-03,13,2,36
2023-09-10,13,2,33
2023-09-17,14,2,32
2023-09-24,12,2,31
2023-10-01,13,2,30
2023-10-08,12,2,31
2023-10-15,12,2,33
2023-10-22,13,2,30
2023-10-29,12,1,30
2023-11-05,12,2,33
2023-11-12,15,2,35
2023-11-19,17,2,38
2023-11-26,16,2,38
2023-12-03,16,2,39
2023-12-10,16,3,44
2023-12-17,12,2,40
2023-12-24,12,2,39
2023-12-31,13,2,42
2024-01-07,18,2,55
2024-01-14,17,2,54
2024-01-21,19,2,55
2024-01-28,19,3,58
2024-02-04,19,3,59
2024-02-11,16,2,60
2024-02-18,21,3,66
2024-02-25,24,3,74
2024-03-03,26,4,74
2024-03-10,24,3,89
2024-03-17,29,4,100
2024-03-24,28,4,97
2024-03-31,24,3,86
2024-04-07,19,3,70
2024-04-14,25,3,86
2024-04-21,27,3,90
2024-04-28,25,3,81
2024-05-05,25,4,81
2024-05-12,27,3,83
2024-05-19,22,3,73
2024-05-26,22,2,71
2024-06-02,21,2,62
2024-06-09,18,2,57
2024-06-16,15,1,53
2024-06-23,14,2,51
2024-06-30,15,2,46
2024-07-07,15,2,48
2024-07-14,16,1,48
2024-07-21,13,1,44
2024-07-28,12,1,40
2024-08-04,12,2,38
2024-08-11,11,1,37
2024-08-18,11,1,33
2024-08-25,11,1,35
2024-09-01,11,1,32
2024-09-08,10,1,31
2024-09-15,11,1,29
2024-09-22,11,2,28
2024-09-29,11,1,29
2024-10-06,11,1,30
2024-10-13,12,1,31
2024-10-20,13,1,34
2024-10-27,13,2,31
2024-11-03,12,1,33
2024-11-10,11,1,36
2024-11-17,12,1,36
2024-11-24,12,1,37
2024-12-01,16,2,39
2024-12-08,15,2,46
2024-12-15,14,2,48
2024-12-22,15,2,50
2024-12-29,15,3,49
