id,kode_provinsi,nama_provinsi,kode_kabupaten_kota,nama_kabupaten_kota,kode_kecamatan,nama_kecamatan,puskesmas,jenis_kelamin,jumlah_kasus,satuan,tahun
1,32,JAWA BARAT,3278,KOTA TASIKMALAYA,3278010,KAWALU,KAWALU,LAKI-LAKI,34,ORANG,2020
2,32,JAWA BARAT,3278,KOTA TASIKMALAYA,3278010,KAWALU,KAWALU,PEREMPUAN,44,ORANG,2020
3,32,JAWA BARAT,3278,KOTA TASIKMALAYA,3278010,KAWALU,KARANGANYAR,LAKI-LAKI,40,ORANG,2020
4,32,JAWA BARAT,3278,KOTA TASIKMALAYA,3278010,KAWALU,KARANGANYAR,PEREMPUAN,35,ORANG,2020
5,32,JAWA BARAT,3278,KOTA TASIKMALAYA,3278010,KAWALU,URUG,LAKI-LAKI,29,ORANG,2020
6,32,JAWA BARAT,3278,KOTA TASIKMALAYA,3278010,KAWALU,URUG,PEREMPUAN,32,ORANG,2020
7,32,JAWA BARAT,3278,KOTA TASIKMALAYA,3278020,TAMANSARI,TAMANSARI,LAKI-LAKI,26,ORANG,2020
8,32,JAWA BARAT,3278,KOTA TASIKMALAYA,3278020,TAMANSARI,TAMANSARI,PEREMPUAN,35,ORANG,2020
9,32,JAWA BARAT,3278,KOTA TASIKMALAYA,3278020,TAMANSARI,SANGKALI,LAKI-LAKI,37,ORANG,2020
10,32,JAWA BARAT,3278,KOTA TASIKMALAYA,3278020,TAMANSARI,SANGKALI,PEREMPUAN,41,ORANG,2020
11,32,JAWA BARAT,3278,KOTA TASIKMALAYA,3278030,CIBEUREUM,CIBEUREUM,LAKI-LAKI,44,ORANG,2020
12,32,JAWA BARAT,3278,KOTA TASIKMALAYA,3278030,CIBEUREUM,CIBEUREUM,PEREMPUAN,49,ORANG,2020
13,32,JAWA BARAT,3278,KOTA TASIKMALAYA,3278031,PURBARATU,PURBARATU,LAKI-LAKI,39,ORANG,2020
14,32,JAWA BARAT,3278,KOTA TASIKMALAYA,3278031,PURBARATU,PURBARATU,PEREMPUAN,31,ORANG,2020
15,32,JAWA BARAT,3278,KOTA TASIKMALAYA,3278040,TAWANG,TAWANG,LAKI-LAKI,26,ORANG,2020
16,32,JAWA BARAT,3278,KOTA TASIKMALAYA,3278040,TAWANG,TAWANG,PEREMPUAN,26,ORANG,2020
17,32,JAWA BARAT,3278,KOTA TASIKMALAYA,3278040,TAWANG,KAHURIPAN,LAKI-LAKI,37,ORANG,2020
18,32,JAWA BARAT,3278,KOTA TASIKMALAYA,3278040,TAWANG,KAHURIPAN,PEREMPUAN,50,ORANG,2020
19,32,JAWA BARAT,3278,KOTA TASIKMALAYA,3278050,CIHIDEUNG,CIHIDEUNG,LAKI-LAKI,58,ORANG,2020
20,32,JAWA BARAT,3278,KOTA TASIKMALAYA,3278050,CIHIDEUNG,CIHIDEUNG,PEREMPUAN,38,ORANG,2020
21,32,JAWA BARAT,3278,KOTA TASIKMALAYA,3278050,CIHIDEUNG,CILEMBANG,LAKI-LAKI,26,ORANG,2020
22,32,JAWA BARAT,3278,KOTA TASIKMALAYA,3278050,CIHIDEUNG,CILEMBANG,PEREMPUAN,27,ORANG,2020
23,32,JAWA BARAT,3278,KOTA TASIKMALAYA,3278060,MANGKUBUMI,MANGKUBUMI,LAKI-LAKI,48,ORANG,2020
24,32,JAWA BARAT,3278,KOTA TASIKMALAYA,3278060,MANGKUBUMI,MANGKUBUMI,PEREMPUAN,46,ORANG,2020
25,32,JAWA BARAT,3278,KOTA TASIKMALAYA,3278060,MANGKUBUMI,SAMBONGPARI,LAKI-LAKI,65,ORANG,2020
26,32,JAWA BARAT,3278,KOTA TASIKMALAYA,3278060,MANGKUBUMI,SAMBONGPARI,PEREMPUAN,64,ORANG,2020
27,32,JAWA BARAT,3278,KOTA TASIKMALAYA,3278070,INDIHIANG,INDIHIANG,LAKI-LAKI,33,ORANG,2020
28,32,JAWA BARAT,3278,KOTA TASIKMALAYA,3278070,INDIHIANG,INDIHIANG,PEREMPUAN,31,ORANG,2020
29,32,JAWA BARAT,3278,KOTA TASIKMALAYA,3278070,INDIHIANG,PARAKANNYASAG,LAKI-LAKI,13,ORANG,2020
30,32,JAWA BARAT,3278,KOTA TASIKMALAYA,3278070,INDIHIANG,PARAKANNYASAG,PEREMPUAN,17,ORANG,2020
31,32,JAWA BARAT,3278,KOTA TASIKMALAYA,3278071,BUNGURSARI,BUNGURSARI,LAKI-LAKI,20,ORANG,2020
32,32,JAWA BARAT,3278,KOTA TASIKMALAYA,3278071,BUNGURSARI,BUNGURSARI,PEREMPUAN,28,ORANG,2020
33,32,JAWA BARAT,3278,KOTA TASIKMALAYA,3278071,BUNGURSARI,SUKALAKSANA,LAKI-LAKI,19,ORANG,2020
34,32,JAWA BARAT,3278,KOTA TASIKMALAYA,3278071,BUNGURSARI,SUKALAKSANA,PEREMPUAN,16,ORANG,2020
35,32,JAWA BARAT,3278,KOTA TASIKMALAYA,3278071,BUNGURSARI,BANTAR,LAKI-LAKI,34,ORANG,2020
36,32,JAWA BARAT,3278,KOTA TASIKMALAYA,3278071,BUNGURSARI,BANTAR,PEREMPUAN,33,ORANG,2020
37,32,JAWA BARAT,3278,KOTA TASIKMALAYA,3278080,CIPEDES,CIPEDES,LAKI-LAKI,11,ORANG,2020
38,32,JAWA BARAT,3278,KOTA TASIKMALAYA,3278080,CIPEDES,CIPEDES,PEREMPUAN,13,ORANG,2020
39,32,JAWA BARAT,3278,KOTA TASIKMALAYA,3278080,CIPEDES,PANGLAYUNGAN,LAKI-LAKI,20,ORANG,2020
40,32,JAWA BARAT,3278,KOTA TASIKMALAYA,3278080,CIPEDES,PANGLAYUNGAN,PEREMPUAN,23,ORANG,2020
41,32,JAWA BARAT,3278,KOTA TASIKMALAYA,3278080,CIPEDES,CIGEUREUNG,LAKI-LAKI,32,ORANG,2020
42,32,JAWA BARAT,3278,KOTA TASIKMALAYA,3278080,CIPEDES,CIGEUREUNG,PEREMPUAN,39,ORANG,2020
43,32,JAWA BARAT,3278,KOTA TASIKMALAYA,3278010,KAWALU,KAWALU,LAKI-LAKI,24,ORANG,2021
44,32,JAWA BARAT,3278,KOTA TASIKMALAYA,3278010,KAWALU,KAWALU,PEREMPUAN,31,ORANG,2021
45,32,JAWA BARAT,3278,KOTA TASIKMALAYA,3278010,KAWALU,KARANGANYAR,LAKI-LAKI,8,ORANG,2021
46,32,JAWA BARAT,3278,KOTA TASIKMALAYA,3278010,KAWALU,KARANGANYAR,PEREMPUAN,11,ORANG,2021
47,32,JAWA BARAT,3278,KOTA TASIKMALAYA,3278010,KAWALU,URUG,LAKI-LAKI,7,ORANG,2021
48,32,JAWA BARAT,3278,KOTA TASIKMALAYA,3278010,KAWALU,URUG,PEREMPUAN,20,ORANG,2021
49,32,JAWA BARAT,3278,KOTA TASIKMALAYA,3278020,TAMANSARI,TAMANSARI,LAKI-LAKI,22,ORANG,2021
50,32,JAWA BARAT,3278,KOTA TASIKMALAYA,3278020,TAMANSARI,TAMANSARI,PEREMPUAN,17,ORANG,2021
51,32,JAWA BARAT,3278,KOTA TASIKMALAYA,3278020,TAMANSARI,SANGKALI,LAKI-LAKI,3,ORANG,2021
52,32,JAWA BARAT,3278,KOTA TASIKMALAYA,3278020,TAMANSARI,SANGKALI,PEREMPUAN,10,ORANG,2021
53,32,JAWA BARAT,3278,KOTA TASIKMALAYA,3278030,CIBEUREUM,CIBEUREUM,LAKI-LAKI,20,ORANG,2021
54,32,JAWA BARAT,3278,KOTA TASIKMALAYA,3278030,CIBEUREUM,CIBEUREUM,PEREMPUAN,24,ORANG,2021
55,32,JAWA BARAT,3278,KOTA TASIKMALAYA,3278030,CIBEUREUM,KERSANAGARA,LAKI-LAKI,16,ORANG,2021
56,32,JAWA BARAT,3278,KOTA TASIKMALAYA,3278030,CIBEUREUM,KERSANAGARA,PEREMPUAN,20,ORANG,2021
57,32,JAWA BARAT,3278,KOTA TASIKMALAYA,3278031,PURBARATU,PURBARATU,LAKI-LAKI,35,ORANG,2021
58,32,JAWA BARAT,3278,KOTA TASIKMALAYA,3278031,PURBARATU,PURBARATU,PEREMPUAN,34,ORANG,2021
59,32,JAWA BARAT,3278,KOTA TASIKMALAYA,3278040,TAWANG,TAWANG,LAKI-LAKI,30,ORANG,2021
60,32,JAWA BARAT,3278,KOTA TASIKMALAYA,3278040,TAWANG,TAWANG,PEREMPUAN,38,ORANG,2021
61,32,JAWA BARAT,3278,KOTA TASIKMALAYA,3278040,TAWANG,KAHURIPAN,LAKI-LAKI,43,ORANG,2021
62,32,JAWA BARAT,3278,KOTA TASIKMALAYA,3278040,TAWANG,KAHURIPAN,PEREMPUAN,31,ORANG,2021
63,32,JAWA BARAT,3278,KOTA TASIKMALAYA,3278050,CIHIDEUNG,CIHIDEUNG,LAKI-LAKI,23,ORANG,2021
64,32,JAWA BARAT,3278,KOTA TASIKMALAYA,3278050,CIHIDEUNG,CIHIDEUNG,PEREMPUAN,34,ORANG,2021
65,32,JAWA BARAT,3278,KOTA TASIKMALAYA,3278050,CIHIDEUNG,CILEMBANG,LAKI-LAKI,25,ORANG,2021
66,32,JAWA BARAT,3278,KOTA TASIKMALAYA,3278050,CIHIDEUNG,CILEMBANG,PEREMPUAN,15,ORANG,2021
67,32,JAWA BARAT,3278,KOTA TASIKMALAYA,3278060,MANGKUBUMI,MANGKUBUMI,LAKI-LAKI,32,ORANG,2021
68,32,JAWA BARAT,3278,KOTA TASIKMALAYA,3278060,MANGKUBUMI,MANGKUBUMI,PEREMPUAN,24,ORANG,2021
69,32,JAWA BARAT,3278,KOTA TASIKMALAYA,3278060,MANGKUBUMI,SAMBONGPARI,LAKI-LAKI,24,ORANG,2021
70,32,JAWA BARAT,3278,KOTA TASIKMALAYA,3278060,MANGKUBUMI,SAMBONGPARI,PEREMPUAN,30,ORANG,2021
71,32,JAWA BARAT,3278,KOTA TASIKMALAYA,3278070,INDIHIANG,INDIHIANG,LAKI-LAKI,24,ORANG,2021
72,32,JAWA BARAT,3278,KOTA TASIKMALAYA,3278070,INDIHIANG,INDIHIANG,PEREMPUAN,23,ORANG,2021
73,32,JAWA BARAT,3278,KOTA TASIKMALAYA,3278070,INDIHIANG,PARAKANNYASAG,LAKI-LAKI,13,ORANG,2021
74,32,JAWA BARAT,3278,KOTA TASIKMALAYA,3278070,INDIHIANG,PARAKANNYASAG,PEREMPUAN,12,ORANG,2021
75,32,JAWA BARAT,3278,KOTA TASIKMALAYA,3278071,BUNGURSARI,BUNGURSARI,LAKI-LAKI,4,ORANG,2021
76,32,JAWA BARAT,3278,KOTA TASIKMALAYA,3278071,BUNGURSARI,BUNGURSARI,PEREMPUAN,9,ORANG,2021
77,32,JAWA BARAT,3278,KOTA TASIKMALAYA,3278071,BUNGURSARI,SUKALAKSANA,LAKI-LAKI,8,ORANG,2021
78,32,JAWA BARAT,3278,KOTA TASIKMALAYA,3278071,BUNGURSARI,SUKALAKSANA,PEREMPUAN,8,ORANG,2021
79,32,JAWA BARAT,3278,KOTA TASIKMALAYA,3278071,BUNGURSARI,BANTAR,LAKI-LAKI,23,ORANG,2021
80,32,JAWA BARAT,3278,KOTA TASIKMALAYA,3278071,BUNGURSARI,BANTAR,PEREMPUAN,13,ORANG,2021
81,32,JAWA BARAT,3278,KOTA TASIKMALAYA,3278080,CIPEDES,CIPEDES,LAKI-LAKI,17,ORANG,2021
82,32,JAWA BARAT,3278,KOTA TASIKMALAYA,3278080,CIPEDES,CIPEDES,PEREMPUAN,12,ORANG,2021
83,32,JAWA BARAT,3278,KOTA TASIKMALAYA,3278080,CIPEDES,PANGLAYUNGAN,LAKI-LAKI,22,ORANG,2021
84,32,JAWA BARAT,3278,KOTA TASIKMALAYA,3278080,CIPEDES,PANGLAYUNGAN,PEREMPUAN,16,ORANG,2021
85,32,JAWA BARAT,3278,KOTA TASIKMALAYA,3278080,CIPEDES,CIGEUREUNG,LAKI-LAKI,26,ORANG,2021
86,32,JAWA BARAT,3278,KOTA TASIKMALAYA,3278080,CIPEDES,CIGEUREUNG,PEREMPUAN,28,ORANG,2021
87,32,JAWA BARAT,3278,KOTA TASIKMALAYA,3278010,KAWALU,KAWALU,LAKI-LAKI,45,ORANG,2022
88,32,JAWA BARAT,3278,KOTA TASIKMALAYA,3278010,KAWALU,KAWALU,PEREMPUAN,60,ORANG,2022
89,32,JAWA BARAT,3278,KOTA TASIKMALAYA,3278010,KAWALU,KARANGANYAR,LAKI-LAKI,36,ORANG,2022
90,32,JAWA BARAT,3278,KOTA TASIKMALAYA,3278010,KAWALU,KARANGANYAR,PEREMPUAN,40,ORANG,2022
91,32,JAWA BARAT,3278,KOTA TASIKMALAYA,3278010,KAWALU,URUG,LAKI-LAKI,32,ORANG,2022
92,32,JAWA BARAT,3278,KOTA TASIKMALAYA,3278010,KAWALU,URUG,PEREMPUAN,34,ORANG,2022
93,32,JAWA BARAT,3278,KOTA TASIKMALAYA,3278020,TAMANSARI,TAMANSARI,LAKI-LAKI,44,ORANG,2022
94,32,JAWA BARAT,3278,KOTA TASIKMALAYA,3278020,TAMANSARI,TAMANSARI,PEREMPUAN,33,ORANG,2022
95,32,JAWA BARAT,3278,KOTA TASIKMALAYA,3278020,TAMANSARI,SANGKALI,LAKI-LAKI,17,ORANG,2022
96,32,JAWA BARAT,3278,KOTA TASIKMALAYA,3278020,TAMANSARI,SANGKALI,PEREMPUAN,26,ORANG,2022
97,32,JAWA BARAT,3278,KOTA TASIKMALAYA,3278030,CIBEUREUM,CIBEUREUM,LAKI-LAKI,57,ORANG,2022
98,32,JAWA BARAT,3278,KOTA TASIKMALAYA,3278030,CIBEUREUM,CIBEUREUM,PEREMPUAN,39,ORANG,2022
99,32,JAWA BARAT,3278,KOTA TASIKMALAYA,3278030,CIBEUREUM,KERSANAGARA,LAKI-LAKI,44,ORANG,2022
100,32,JAWA BARAT,3278,KOTA TASIKMALAYA,3278030,CIBEUREUM,KERSANAGARA,PEREMPUAN,54,ORANG,2022
101,32,JAWA BARAT,3278,KOTA TASIKMALAYA,3278031,PURBARATU,PURBARATU,LAKI-LAKI,40,ORANG,2022
102,32,JAWA BARAT,3278,KOTA TASIKMALAYA,3278031,PURBARATU,PURBARATU,PEREMPUAN,47,ORANG,2022
103,32,JAWA BARAT,3278,KOTA TASIKMALAYA,3278040,TAWANG,TAWANG,LAKI-LAKI,36,ORANG,2022
104,32,JAWA BARAT,3278,KOTA TASIKMALAYA,3278040,TAWANG,TAWANG,PEREMPUAN,27,ORANG,2022
105,32,JAWA BARAT,3278,KOTA TASIKMALAYA,3278040,TAWANG,KAHURIPAN,LAKI-LAKI,67,ORANG,2022
106,32,JAWA BARAT,3278,KOTA TASIKMALAYA,3278040,TAWANG,KAHURIPAN,PEREMPUAN,99,ORANG,2022
107,32,JAWA BARAT,3278,KOTA TASIKMALAYA,3278050,CIHIDEUNG,CIHIDEUNG,LAKI-LAKI,65,ORANG,2022
108,32,JAWA BARAT,3278,KOTA TASIKMALAYA,3278050,CIHIDEUNG,CIHIDEUNG,PEREMPUAN,53,ORANG,2022
109,32,JAWA BARAT,3278,KOTA TASIKMALAYA,3278050,CIHIDEUNG,CILEMBANG,LAKI-LAKI,43,ORANG,2022
110,32,JAWA BARAT,3278,KOTA TASIKMALAYA,3278050,CIHIDEUNG,CILEMBANG,PEREMPUAN,24,ORANG,2022
111,32,JAWA BARAT,3278,KOTA TASIKMALAYA,3278060,MANGKUBUMI,MANGKUBUMI,LAKI-LAKI,56,ORANG,2022
112,32,JAWA BARAT,3278,KOTA TASIKMALAYA,3278060,MANGKUBUMI,MANGKUBUMI,PEREMPUAN,65,ORANG,2022
113,32,JAWA BARAT,3278,KOTA TASIKMALAYA,3278060,MANGKUBUMI,SAMBONGPARI,LAKI-LAKI,69,ORANG,2022
114,32,JAWA BARAT,3278,KOTA TASIKMALAYA,3278060,MANGKUBUMI,SAMBONGPARI,PEREMPUAN,70,ORANG,2022
115,32,JAWA BARAT,3278,KOTA TASIKMALAYA,3278070,INDIHIANG,INDIHIANG,LAKI-LAKI,44,ORANG,2022
116,32,JAWA BARAT,3278,KOTA TASIKMALAYA,3278070,INDIHIANG,INDIHIANG,PEREMPUAN,44,ORANG,2022
117,32,JAWA BARAT,3278,KOTA TASIKMALAYA,3278070,INDIHIANG,PARAKANNYASAG,LAKI-LAKI,24,ORANG,2022
118,32,JAWA BARAT,3278,KOTA TASIKMALAYA,3278070,INDIHIANG,PARAKANNYASAG,PEREMPUAN,28,ORANG,2022
119,32,JAWA BARAT,3278,KOTA TASIKMALAYA,3278071,BUNGURSARI,BUNGURSARI,LAKI-LAKI,21,ORANG,2022
120,32,JAWA BARAT,3278,KOTA TASIKMALAYA,3278071,BUNGURSARI,BUNGURSARI,PEREMPUAN,31,ORANG,2022
121,32,JAWA BARAT,3278,KOTA TASIKMALAYA,3278071,BUNGURSARI,SUKALAKSANA,LAKI-LAKI,37,ORANG,2022
122,32,JAWA BARAT,3278,KOTA TASIKMALAYA,3278071,BUNGURSARI,SUKALAKSANA,PEREMPUAN,29,ORANG,2022
123,32,JAWA BARAT,3278,KOTA TASIKMALAYA,3278071,BUNGURSARI,BANTAR,LAKI-LAKI,48,ORANG,2022
124,32,JAWA BARAT,3278,KOTA TASIKMALAYA,3278071,BUNGURSARI,BANTAR,PEREMPUAN,43,ORANG,2022
125,32,JAWA BARAT,3278,KOTA TASIKMALAYA,3278080,CIPEDES,CIPEDES,LAKI-LAKI,26,ORANG,2022
126,32,JAWA BARAT,3278,KOTA TASIKMALAYA,3278080,CIPEDES,CIPEDES,PEREMPUAN,21,ORANG,2022
127,32,JAWA BARAT,3278,KOTA TASIKMALAYA,3278080,CIPEDES,PANGLAYUNGAN,LAKI-LAKI,28,ORANG,2022
128,32,JAWA BARAT,3278,KOTA TASIKMALAYA,3278080,CIPEDES,PANGLAYUNGAN,PEREMPUAN,26,ORANG,2022
129,32,JAWA BARAT,3278,KOTA TASIKMALAYA,3278080,CIPEDES,CIGEUREUNG,LAKI-LAKI,32,ORANG,2022
130,32,JAWA BARAT,3278,KOTA TASIKMALAYA,3278080,CIPEDES,CIGEUREUNG,PEREMPUAN,51,ORANG,2022
131,32,JAWA BARAT,3278,KOTA TASIKMALAYA,3278010,KAWALU,KAWALU,LAKI-LAKI,11,ORANG,2023
132,32,JAWA BARAT,3278,KOTA TASIKMALAYA,3278010,KAWALU,KAWALU,PEREMPUAN,13,ORANG,2023
133,32,JAWA BARAT,3278,KOTA TASIKMALAYA,3278010,KAWALU,KARANGANYAR,LAKI-LAKI,7,ORANG,2023
134,32,JAWA BARAT,3278,KOTA TASIKMALAYA,3278010,KAWALU,KARANGANYAR,PEREMPUAN,16,ORANG,2023
135,32,JAWA BARAT,3278,KOTA TASIKMALAYA,3278010,KAWALU,URUG,LAKI-LAKI,6,ORANG,2023
136,32,JAWA BARAT,3278,KOTA TASIKMALAYA,3278010,KAWALU,URUG,PEREMPUAN,5,ORANG,2023
137,32,JAWA BARAT,3278,KOTA TASIKMALAYA,3278020,TAMANSARI,TAMANSARI,LAKI-LAKI,12,ORANG,2023
138,32,JAWA BARAT,3278,KOTA TASIKMALAYA,3278020,TAMANSARI,TAMANSARI,PEREMPUAN,5,ORANG,2023
139,32,JAWA BARAT,3278,KOTA TASIKMALAYA,3278020,TAMANSARI,SANGKALI,LAKI-LAKI,11,ORANG,2023
140,32,JAWA BARAT,3278,KOTA TASIKMALAYA,3278020,TAMANSARI,SANGKALI,PEREMPUAN,12,ORANG,2023
141,32,JAWA BARAT,3278,KOTA TASIKMALAYA,3278030,CIBEUREUM,CIBEUREUM,LAKI-LAKI,10,ORANG,2023
142,32,JAWA BARAT,3278,KOTA TASIKMALAYA,3278030,CIBEUREUM,CIBEUREUM,PEREMPUAN,5,ORANG,2023
143,32,JAWA BARAT,3278,KOTA TASIKMALAYA,3278030,CIBEUREUM,KERSANAGARA,LAKI-LAKI,7,ORANG,2023
144,32,JAWA BARAT,3278,KOTA TASIKMALAYA,3278030,CIBEUREUM,KERSANAGARA,PEREMPUAN,5,ORANG,2023
145,32,JAWA BARAT,3278,KOTA TASIKMALAYA,3278031,PURBARATU,PURBARATU,LAKI-LAKI,2,ORANG,2023
146,32,JAWA BARAT,3278,KOTA TASIKMALAYA,3278031,PURBARATU,PURBARATU,PEREMPUAN,12,ORANG,2023
147,32,JAWA BARAT,3278,KOTA TASIKMALAYA,3278040,TAWANG,TAWANG,LAKI-LAKI,13,ORANG,2023
148,32,JAWA BARAT,3278,KOTA TASIKMALAYA,3278040,TAWANG,TAWANG,PEREMPUAN,3,ORANG,2023
149,32,JAWA BARAT,3278,KOTA TASIKMALAYA,3278040,TAWANG,KAHURIPAN,LAKI-LAKI,12,ORANG,2023
150,32,JAWA BARAT,3278,KOTA TASIKMALAYA,3278040,TAWANG,KAHURIPAN,PEREMPUAN,11,ORANG,2023
151,32,JAWA BARAT,3278,KOTA TASIKMALAYA,3278050,CIHIDEUNG,CIHIDEUNG,LAKI-LAKI,10,ORANG,2023
152,32,JAWA BARAT,3278,KOTA TASIKMALAYA,3278050,CIHIDEUNG,CIHIDEUNG,PEREMPUAN,10,ORANG,2023
153,32,JAWA BARAT,3278,KOTA TASIKMALAYA,3278050,CIHIDEUNG,CILEMBANG,LAKI-LAKI,10,ORANG,2023
154,32,JAWA BARAT,3278,KOTA TASIKMALAYA,3278050,CIHIDEUNG,CILEMBANG,PEREMPUAN,11,ORANG,2023
155,32,JAWA BARAT,3278,KOTA TASIKMALAYA,3278060,MANGKUBUMI,MANGKUBUMI,LAKI-LAKI,9,ORANG,2023
156,32,JAWA BARAT,3278,KOTA TASIKMALAYA,3278060,MANGKUBUMI,MANGKUBUMI,PEREMPUAN,11,ORANG,2023
157,32,JAWA BARAT,3278,KOTA TASIKMALAYA,3278060,MANGKUBUMI,SAMBONGPARI,LAKI-LAKI,7,ORANG,2023
158,32,JAWA BARAT,3278,KOTA TASIKMALAYA,3278060,MANGKUBUMI,SAMBONGPARI,PEREMPUAN,7,ORANG,2023
159,32,JAWA BARAT,3278,KOTA TASIKMALAYA,3278070,INDIHIANG,INDIHIANG,LAKI-LAKI,6,ORANG,2023
160,32,JAWA BARAT,3278,KOTA TASIKMALAYA,3278070,INDIHIANG,INDIHIANG,PEREMPUAN,5,ORANG,2023
161,32,JAWA BARAT,3278,KOTA TASIKMALAYA,3278070,INDIHIANG,PARAKANNYASAG,LAKI-LAKI,5,ORANG,2023
162,32,JAWA BARAT,3278,KOTA TASIKMALAYA,3278070,INDIHIANG,PARAKANNYASAG,PEREMPUAN,4,ORANG,2023
163,32,JAWA BARAT,3278,KOTA TASIKMALAYA,3278071,BUNGURSARI,BUNGURSARI,LAKI-LAKI,3,ORANG,2023
164,32,JAWA BARAT,3278,KOTA TASIKMALAYA,3278071,BUNGURSARI,BUNGURSARI,PEREMPUAN,3,ORANG,2023
165,32,JAWA BARAT,3278,KOTA TASIKMALAYA,3278071,BUNGURSARI,SUKALAKSANA,LAKI-LAKI,0,ORANG,2023
166,32,JAWA BARAT,3278,KOTA TASIKMALAYA,3278071,BUNGURSARI,SUKALAKSANA,PEREMPUAN,1,ORANG,2023
167,32,JAWA BARAT,3278,KOTA TASIKMALAYA,3278071,BUNGURSARI,BANTAR,LAKI-LAKI,4,ORANG,2023
168,32,JAWA BARAT,3278,KOTA TASIKMALAYA,3278071,BUNGURSARI,BANTAR,PEREMPUAN,2,ORANG,2023
169,32,JAWA BARAT,3278,KOTA TASIKMALAYA,3278080,CIPEDES,CIPEDES,LAKI-LAKI,4,ORANG,2023
170,32,JAWA BARAT,3278,KOTA TASIKMALAYA,3278080,CIPEDES,CIPEDES,PEREMPUAN,6,ORANG,2023
171,32,JAWA BARAT,3278,KOTA TASIKMALAYA,3278080,CIPEDES,PANGLAYUNGAN,LAKI-LAKI,19,ORANG,2023
172,32,JAWA BARAT,3278,KOTA TASIKMALAYA,3278080,CIPEDES,PANGLAYUNGAN,PEREMPUAN,13,ORANG,2023
173,32,JAWA BARAT,3278,KOTA TASIKMALAYA,3278080,CIPEDES,CIGEUREUNG,LAKI-LAKI,11,ORANG,2023
174,32,JAWA BARAT,3278,KOTA TASIKMALAYA,3278080,CIPEDES,CIGEUREUNG,PEREMPUAN,14,ORANG,2023
175,32,JAWA BARAT,3278,KOTA TASIKMALAYA,3278010,KAWALU,KAWALU,LAKI-LAKI,72,ORANG,2024
176,32,JAWA BARAT,3278,KOTA TASIKMALAYA,3278010,KAWALU,KAWALU,PEREMPUAN,52,ORANG,2024
177,32,JAWA BARAT,3278,KOTA TASIKMALAYA,3278010,KAWALU,KARANGANYAR,LAKI-LAKI,25,ORANG,2024
178,32,JAWA BARAT,3278,KOTA TASIKMALAYA,3278010,KAWALU,KARANGANYAR,PEREMPUAN,31,ORANG,2024
179,32,JAWA BARAT,3278,KOTA TASIKMALAYA,3278010,KAWALU,URUG,LAKI-LAKI,85,ORANG,2024
180,32,JAWA BARAT,3278,KOTA TASIKMALAYA,3278010,KAWALU,URUG,PEREMPUAN,121,ORANG,2024
181,32,JAWA BARAT,3278,KOTA TASIKMALAYA,3278020,TAMANSARI,TAMANSARI,LAKI-LAKI,37,ORANG,2024
182,32,JAWA BARAT,3278,KOTA TASIKMALAYA,3278020,TAMANSARI,TAMANSARI,PEREMPUAN,61,ORANG,2024
183,32,JAWA BARAT,3278,KOTA TASIKMALAYA,3278020,TAMANSARI,SANGKALI,LAKI-LAKI,26,ORANG,2024
184,32,JAWA BARAT,3278,KOTA TASIKMALAYA,3278020,TAMANSARI,SANGKALI,PEREMPUAN,41,ORANG,2024
185,32,JAWA BARAT,3278,KOTA TASIKMALAYA,3278030,CIBEUREUM,CIBEUREUM,LAKI-LAKI,63,ORANG,2024
186,32,JAWA BARAT,3278,KOTA TASIKMALAYA,3278030,CIBEUREUM,CIBEUREUM,PEREMPUAN,55,ORANG,2024
187,32,JAWA BARAT,3278,KOTA TASIKMALAYA,3278030,CIBEUREUM,KERSANAGARA,LAKI-LAKI,0,ORANG,2024
188,32,JAWA BARAT,3278,KOTA TASIKMALAYA,3278030,CIBEUREUM,KERSANAGARA,PEREMPUAN,0,ORANG,2024
189,32,JAWA BARAT,3278,KOTA TASIKMALAYA,3278031,PURBARATU,PURBARATU,LAKI-LAKI,57,ORANG,2024
190,32,JAWA BARAT,3278,KOTA TASIKMALAYA,3278031,PURBARATU,PURBARATU,PEREMPUAN,51,ORANG,2024
191,32,JAWA BARAT,3278,KOTA TASIKMALAYA,3278040,TAWANG,TAWANG,LAKI-LAKI,35,ORANG,2024
192,32,JAWA BARAT,3278,KOTA TASIKMALAYA,3278040,TAWANG,TAWANG,PEREMPUAN,27,ORANG,2024
193,32,JAWA BARAT,3278,KOTA TASIKMALAYA,3278040,TAWANG,KAHURIPAN,LAKI-LAKI,45,ORANG,2024
194,32,JAWA BARAT,3278,KOTA TASIKMALAYA,3278040,TAWANG,KAHURIPAN,PEREMPUAN,57,ORANG,2024
195,32,JAWA BARAT,3278,KOTA TASIKMALAYA,3278050,CIHIDEUNG,CIHIDEUNG,LAKI-LAKI,49,ORANG,2024
196,32,JAWA BARAT,3278,KOTA TASIKMALAYA,3278050,CIHIDEUNG,CIHIDEUNG,PEREMPUAN,40,ORANG,2024
197,32,JAWA BARAT,3278,KOTA TASIKMALAYA,3278050,CIHIDEUNG,CILEMBANG,LAKI-LAKI,25,ORANG,2024
198,32,JAWA BARAT,3278,KOTA TASIKMALAYA,3278050,CIHIDEUNG,CILEMBANG,PEREMPUAN,16,ORANG,2024
199,32,JAWA BARAT,3278,KOTA TASIKMALAYA,3278060,MANGKUBUMI,MANGKUBUMI,LAKI-LAKI,51,ORANG,2024
200,32,JAWA BARAT,3278,KOTA TASIKMALAYA,3278060,MANGKUBUMI,MANGKUBUMI,PEREMPUAN,62,ORANG,2024
201,32,JAWA BARAT,3278,KOTA TASIKMALAYA,3278060,MANGKUBUMI,SAMBONGPARI,LAKI-LAKI,52,ORANG,2024
202,32,JAWA BARAT,3278,KOTA TASIKMALAYA,3278060,MANGKUBUMI,SAMBONGPARI,PEREMPUAN,51,ORANG,2024
203,32,JAWA BARAT,3278,KOTA TASIKMALAYA,3278070,INDIHIANG,INDIHIANG,LAKI-LAKI,17,ORANG,2024
204,32,JAWA BARAT,3278,KOTA TASIKMALAYA,3278070,INDIHIANG,INDIHIANG,PEREMPUAN,21,ORANG,2024
205,32,JAWA BARAT,3278,KOTA TASIKMALAYA,3278070,INDIHIANG,PARAKANNYASAG,LAKI-LAKI,15,ORANG,2024
206,32,JAWA BARAT,3278,KOTA TASIKMALAYA,3278070,INDIHIANG,PARAKANNYASAG,PEREMPUAN,12,ORANG,2024
207,32,JAWA BARAT,3278,KOTA TASIKMALAYA,3278071,BUNGURSARI,BUNGURSARI,LAKI-LAKI,22,ORANG,2024
208,32,JAWA BARAT,3278,KOTA TASIKMALAYA,3278071,BUNGURSARI,BUNGURSARI,PEREMPUAN,21,ORANG,2024
209,32,JAWA BARAT,3278,KOTA TASIKMALAYA,3278071,BUNGURSARI,SUKALAKSANA,LAKI-LAKI,11,ORANG,2024
210,32,JAWA BARAT,3278,KOTA TASIKMALAYA,3278071,BUNGURSARI,SUKALAKSANA,PEREMPUAN,28,ORANG,2024
211,32,JAWA BARAT,3278,KOTA TASIKMALAYA,3278071,BUNGURSARI,BANTAR,LAKI-LAKI,18,ORANG,2024
212,32,JAWA BARAT,3278,KOTA TASIKMALAYA,3278071,BUNGURSARI,BANTAR,PEREMPUAN,16,ORANG,2024
213,32,JAWA BARAT,3278,KOTA TASIKMALAYA,3278080,CIPEDES,CIPEDES,LAKI-LAKI,6,ORANG,2024
214,32,JAWA BARAT,3278,KOTA TASIKMALAYA,3278080,CIPEDES,CIPEDES,PEREMPUAN,16,ORANG,2024
215,32,JAWA BARAT,3278,KOTA TASIKMALAYA,3278080,CIPEDES,PANGLAYUNGAN,LAKI-LAKI,30,ORANG,2024
216,32,JAWA BARAT,3278,KOTA TASIKMALAYA,3278080,CIPEDES,PANGLAYUNGAN,PEREMPUAN,29,ORANG,2024
217,32,JAWA BARAT,3278,KOTA TASIKMALAYA,3278080,CIPEDES,CIGEUREUNG,LAKI-LAKI,74,ORANG,2024
218,32,JAWA BARAT,3278,KOTA TASIKMALAYA,3278080,CIPEDES,CIGEUREUNG,PEREMPUAN,59,ORANG,2024
